time_stamp,x_pos,y_pos,heading,vel_true,delta_cmd,acc_cmd,x_acc,y_acc,z_acc
1639133585408904075,-3447285.161703142,-5747536.609110037,1.7019797762169144,1.4010193446180554,-0.1906764878554809,0.4,-1.6130025386810303,1.6669191122055054,-12.414640426635742
1639133585504913091,-3447285.1935828803,-5747536.461473105,1.7196279962791703,1.3969756792534722,-0.4466922097234261,0.4,-1.2882633209228516,1.1400409936904907,-9.313619613647461
1639133585592514753,-3447285.1935828803,-5747536.461473105,1.7307363947166703,1.4078125000000001,-0.6422774396353453,0.4,-0.5303617715835571,3.1277546882629395,-12.63119888305664
1639133585695228099,-3447285.22949318,-5747536.329776688,1.738402505709102,1.4121795941840278,-0.8062788669950688,0.4,-0.0037641525268554688,-2.0807275772094727,-7.152211666107178
1639133585794464826,-3447285.2980266497,-5747536.036376349,1.7421251734031937,1.4231781293402779,-0.9098289471010763,0.4,-0.38580673933029175,1.435431718826294,-10.482915878295898
1639133585896874666,-3447285.3346786643,-5747535.881485205,1.729517122103145,1.43304443359375,-0.9176614286937255,0.4,1.021668553352356,0.37281227111816406,-7.78160285949707
1639133585992289543,-3447285.3642434804,-5747535.727465013,1.7141448457969926,1.4231781293402779,-0.8067574912046785,0.4,0.9246475100517273,2.646329164505005,-6.367710113525391
1639133586095772266,-3447285.3642434804,-5747535.727465013,1.6904756029381058,1.418972749565972,-0.6164369707945931,0.4,0.8529035449028015,0.6000210642814636,-15.14220142364502
1639133586194037199,-3447285.399858681,-5747535.590436834,1.6632367571129105,1.428677339409722,-0.38301441408549974,0.4,1.024147868156433,-1.7237615585327148,-7.884811878204346
1639133586293149232,-3447285.4310649694,-5747535.306886198,1.638823648287227,1.43175048828125,-0.10010388464300415,0.4,0.7317285537719727,2.7321300506591797,-10.220420837402344
1639133586393615961,-3447285.4310649694,-5747535.306886198,1.617396016909053,1.4304565429687501,0.15622304465340328,0.4,0.1366250067949295,-0.14458677172660828,-10.049201965332031
1639133586493122816,-3447285.4502776484,-5747535.14530433,1.5978151758446,1.4241485308159723,0.3980030782621908,0.4,1.0687592029571533,-0.8709114789962769,-9.463360786437988
1639133586598519802,-3447285.459731256,-5747534.999221918,1.581481118990352,1.4328827191840279,0.600811207827124,0.4,-1.062737226486206,-1.7170159816741943,-5.7395124435424805
1639133586714239835,-3447285.4709370257,-5747534.846052816,1.5690413172731663,1.431912202690972,0.775502873172816,0.4,0.3651130199432373,-0.9472694993019104,-13.731291770935059
1639133586814986228,-3447285.47914204,-5747534.541744583,1.5625674287464957,1.4302948285590278,0.8957604128868836,0.4,0.16156476736068726,-1.2333929538726807,-8.107933044433594
1639133586893516778,-3447285.47914204,-5747534.541744583,1.5656257896360497,1.387109375,0.9702531609271203,0.4,-0.6295578479766846,-0.5748339891433716,-16.921201705932617
1639133587007411479,-3447285.4974215585,-5747534.413671089,1.5782138307823441,1.4086211870659722,1.00883581687132,0.4,4.191479682922363,-0.040667831897735596,-8.814879417419434
1639133587100261449,-3447285.506223185,-5747534.130636749,1.5934025247825883,1.4137969683159721,0.9561179018870113,0.4,1.0650497674942017,0.7189912796020508,-11.390909194946289
1639133587192563295,-3447285.51860954,-5747533.945855464,1.6066366632713578,1.41298828125,1.211171689722685,0.4,1.7266185283660889,0.27366647124290466,-11.864593505859375
1639133587291673421,-3447285.51860954,-5747533.945855464,1.624642511202266,1.410400390625,1.3626090187645823,0.4,-0.8796849250793457,-0.773682713508606,-13.574987411499023
1639133587400711774,-3447285.541159105,-5747533.822750174,1.644082208467891,1.388888578559028,1.5256469752568151,0.4,-0.5617437362670898,-0.14527064561843872,-9.632193565368652
1639133587492497920,-3447285.5579320677,-5747533.668362246,1.6622811754478715,1.392123441840278,1.69713973646498,0.4,-0.8310015201568604,0.3883824348449707,-10.731689453125
1639133587592675685,-3447285.583839091,-5747533.524408059,1.6859590013756058,1.39552001953125,1.7724368595651039,0.4,-0.8966920375823975,-1.5524678230285645,-8.227845191955566
1639133587692459821,-3447285.6151559125,-5747533.368361269,1.716519018007686,1.3854920008680554,1.937770159011732,0.4,0.6980041265487671,0.03668212890625,-6.47091817855835
1639133587804068803,-3447285.636407559,-5747533.209224923,1.755539556337764,1.3777283289930555,2.0211155679833452,0.4,1.869773507118225,0.324667364358902,-9.486627578735352
1639133587895502090,-3447285.721128796,-5747532.910505187,1.791559835268428,1.3720672894965278,2.0797901976705506,0.4,1.4471478462219238,-2.2070159912109375,-7.319850921630859
1639133587996150970,-3447285.721128796,-5747532.910505187,1.8363634546531937,1.364303617621528,2.046188335140148,0.4,0.5260434150695801,-0.13945052027702332,-8.816669464111328
1639133588094265460,-3447285.8192931577,-5747532.619862117,1.8772117098106644,1.3592895507812501,2.0157081903493794,0.4,2.096341133117676,-0.571459174156189,-7.071077346801758
1639133588192397594,-3447285.8192931577,-5747532.619862117,1.9257379968895219,1.3609070399305554,1.9748191730242801,0.4,-0.043935153633356094,-1.7262165546417236,-7.591890811920166
1639133588293121576,-3447285.89456906,-5747532.501756154,1.976268430544307,1.3479675868055556,1.8641218192525302,0.4,1.455885887145996,-1.465919852256775,-9.877387046813965
1639133588392428874,-3447285.9524564,-5747532.327924599,2.032406469179561,1.3555694292534726,1.6826223979302735,0.4,0.7799555063247681,-0.5049353241920471,-7.412917137145996
1639133588496644496,-3447286.0309096226,-5747532.211066422,2.0870949228538773,1.3343810460069445,1.6617162069670215,0.4,-0.3995892405509949,-1.9910738468170166,-9.352993965148926
1639133588592404127,-3447286.1223305017,-5747532.089585157,2.133931299044063,1.3398803710937501,1.549562476497736,0.4,-1.114279866218567,-1.1383841037750244,-10.146444320678711
1639133588694957256,-3447286.325682887,-5747531.838607227,2.1803428133262894,1.325,1.2101712055916363,0.4,-0.4059341251850128,-4.215264797210693,-8.981325149536133
1639133588793631315,-3447286.325682887,-5747531.838607227,2.226358075930049,1.3427918055555557,1.008249593264445,0.4,1.7024869918823242,-0.4640022814273834,-11.43028450012207
1639133588893834352,-3447286.5118238637,-5747531.593642891,2.27790608008044,1.3322784136284724,0.8408904211270906,0.4,-1.3784419298171997,1.6088776588439941,-6.708356857299805
1639133588994832754,-3447286.5118238637,-5747531.593642891,2.3256236513389847,1.3267792035590278,0.693729004724641,0.4,-1.082822561264038,-0.804206371307373,-13.620924949645996
1639133589095825195,-3447286.6391831655,-5747531.48269107,2.3646522959007523,1.3180450151909724,0.5843295728465929,0.4,0.11247801780700684,-2.0330028533935547,-12.17839527130127
1639133589194407701,-3447286.746748111,-5747531.371207668,2.405542989565303,1.33858642578125,0.7094026694417571,0.4,-1.6586147546768188,-0.11742860078811646,-8.183698654174805
1639133589293052911,-3447286.864398456,-5747531.253806583,2.4419776399864457,1.3356749913194446,0.6480241678838915,0.4,0.5023320317268372,1.2413086891174316,-9.753894805908203
1639133589394980192,-3447287.113915036,-5747531.069046303,2.4759036501182816,1.3463500976562501,0.7274016501644595,0.4,-0.2523968815803528,-6.050621032714844,-12.94619369506836
1639133589492316961,-3447287.113915036,-5747531.069046303,2.5053855379356644,1.36317138671875,0.9871712607081755,0.4,0.6738755702972412,-2.2161645889282227,-9.425777435302734
1639133589592704057,-3447287.2376877135,-5747530.980724219,2.5370727976097367,1.3782134722222221,0.9608715330287555,0.4,-0.4158286452293396,-2.5461483001708984,-8.896015167236328
1639133589692649364,-3447287.505808869,-5747530.7660550885,2.5633741815819047,1.3646270464409722,0.8572058753681757,0.4,-2.287621021270752,0.9054884910583496,-12.888324737548828
1639133589804458856,-3447287.628842072,-5747530.696831711,2.60277762015002,1.3309844683159724,0.9031218230714712,0.4,2.4521443843841553,-5.695924758911133,-14.289690017700195
1639133589899299860,-3447287.7726388457,-5747530.607020361,2.6397806604637406,1.3654357335069447,0.8964663846375887,0.4,0.03859105706214905,1.1125746965408325,-9.671567916870117
1639133589993230581,-3447287.7726388457,-5747530.607020361,2.6671406229271195,1.3625244140625001,1.132325637554913,0.4,-0.5978103876113892,-2.591465950012207,-9.787303924560547
1639133590092994451,-3447287.9051191793,-5747530.507458062,2.6942445238365433,1.3589660069444447,1.1658563300512115,0.4,0.6253442764282227,-1.311010718345642,-9.141804695129395
1639133590192556142,-3447288.0633878247,-5747530.4315740485,2.728758951021602,1.3497466753472225,1.0776028540577567,0.4,0.8025671243667603,-0.3762113153934479,-10.374935150146484
1639133590298028945,-3447288.2090561045,-5747530.405316184,2.764009614778926,1.3358368207465279,1.1171925864925798,0.4,1.2356655597686768,2.872217893600464,-10.199541091918945
1639133590392317295,-3447288.3528647055,-5747530.331082244,2.798343797518184,1.348291015625,1.118306941757647,0.4,-1.103432297706604,2.0186290740966797,-10.863533020019531
1639133590492152690,-3447288.499152071,-5747530.231216409,2.831220289064815,1.33082275390625,1.216746101466962,0.4,-0.7334885597229004,0.32625389099121094,-8.46170425415039
1639133590602048873,-3447288.6565760174,-5747530.172754903,2.867414613558223,1.341659574652778,1.2891530079892486,0.4,-0.6089841723442078,-0.42863571643829346,-11.646245956420898
1639133590692858695,-3447288.8056357712,-5747530.132454626,2.8985220392479203,1.3455414105902779,1.3566633346568864,0.4,-0.3804808259010315,0.03149455785751343,-10.381498336791992
1639133590795007467,-3447288.9689584933,-5747530.1029017335,2.9317776163353226,1.3524962803819447,1.376565523003811,0.4,0.4878363311290741,-1.0418416261672974,-13.829727172851562
1639133590898546457,-3447289.1269579073,-5747530.035926386,2.966516633821895,1.3568633745659722,1.4646200223483063,0.4,-0.6384456157684326,2.7569363117218018,-11.494117736816406
1639133591003485679,-3447289.437314381,-5747529.969439134,3.003997464968135,1.345703125,1.5218160301223587,0.4,-0.32805025577545166,0.6856122016906738,-9.182372093200684
1639133591092493772,-3447289.584049443,-5747529.93814269,3.035479207827022,1.3458648394097226,1.4518235441284055,0.4,1.3173103332519531,0.17320111393928528,-9.491399765014648
1639133591193060874,-3447289.584049443,-5747529.93814269,3.0722547968162797,1.3544373133680556,1.49606026398395,0.4,-0.3667309284210205,-1.6112980842590332,-7.448115825653076
1639133591295771837,-3447289.7486075573,-5747529.917795554,3.1091457803978226,1.3652740190972221,1.4954871974161505,0.4,0.4292702376842499,1.1191374063491821,-9.561200141906738
1639133591394344806,-3447289.9045366715,-5747529.906197016,-3.1365682323786874,1.3421447178819446,1.6800542703362038,0.4,1.4744261503219604,0.9482601881027222,-11.25667953491211
1639133591501183032,-3447290.2174308565,-5747529.883794969,-3.09406058391067,1.3520111371527779,1.6368132329790661,0.4,-0.6603188514709473,-1.6833211183547974,-12.421202659606934
1639133591601344108,-3447290.2174308565,-5747529.883794969,-3.054094954333033,1.344894437934028,1.4595040132339534,0.4,-1.4575462341308594,2.376311779022217,-6.315807342529297
1639133591717973947,-3447290.5274364646,-5747529.911018398,-3.010717078051295,1.348129301215278,1.2881188202543385,0.4,-0.04036515951156616,0.5571632385253906,-7.5656418800354
1639133591801076173,-3447290.5274364646,-5747529.911018398,-2.9725014408442636,1.3455414105902779,1.2485563659078196,0.4,-0.24345913529396057,-3.8743324279785156,-10.35465145111084
1639133591896829843,-3447290.826362032,-5747529.94901823,-2.934153242907252,1.3439239214409724,1.1645664690710944,0.4,1.6344987154006958,-1.8474849462509155,-11.814481735229492
1639133591995890617,-3447290.826362032,-5747529.94901823,-2.8929492672297616,1.3520111371527779,1.0470349043159626,0.4,0.025589153170585632,0.4154777526855469,-8.558349609375
1639133592103482484,-3447290.971596354,-5747529.955946607,-2.84968106349441,1.3474823285590278,1.139372024227367,0.4,-0.23893722891807556,-0.2594260573387146,-13.507574081420898
1639133592193261384,-3447291.1194049018,-5747529.981693922,-2.814212008318629,1.346835355902778,1.0666889190737319,0.4,-1.8035399913787842,-2.8993802070617676,-8.8572359085083
1639133592293108701,-3447291.2613099837,-5747530.017610103,-2.779645129046168,1.3524962803819447,0.8802833371573668,0.4,-0.7020505666732788,-0.7247063517570496,-13.008237838745117
1639133592394598245,-3447291.5444771503,-5747530.082422733,-2.7386376102778573,1.3458648394097226,0.7067668859275931,0.4,1.0652018785476685,-1.3925824165344238,-11.333638191223145
1639133592496240377,-3447291.5444771503,-5747530.082422733,-2.700093432268824,1.3550841710069446,0.5718815638106616,0.4,0.14963537454605103,-0.28942736983299255,-10.250846862792969
1639133592592658281,-3447291.6728039375,-5747530.137653222,-2.6628042896601816,1.3657592773437501,0.4178553033273841,0.4,1.5882982015609741,-1.7249542474746704,-10.836687088012695
1639133592696409940,-3447291.813528092,-5747530.222835645,-2.6277624805781503,1.3591278363715278,0.2781772177045322,0.4,0.03483468294143677,-1.763807773590088,-8.206367492675781
1639133592797049045,-3447291.937096858,-5747530.268000345,-2.599033041796412,1.36317138671875,0.308406582780069,0.4,0.12327456474304199,-1.3232380151748657,-7.901516914367676
1639133592893334627,-3447292.072426079,-5747530.356969593,-2.5705372532221933,1.3689941406250001,0.3660992509753057,0.4,1.2504006624221802,-2.0456647872924805,-11.74050521850586
1639133592994932651,-3447292.182458493,-5747530.43856174,-2.5521237095210214,1.3822570225694446,0.38724855646292,0.4,-0.17460313439369202,0.3083275556564331,-8.62814998626709
1639133593098498821,-3447292.3057627147,-5747530.491746098,-2.530239268145289,1.5782898524305555,0.47375221093739167,0.395,1.2123510837554932,-0.4720171391963959,-10.295589447021484
1639133593190510511,-3447292.4417131706,-5747530.535037287,-2.517300291857447,1.3442474652777778,0.5280865585328811,0.4,1.313670039176941,-3.282628297805786,-8.419347763061523
1639133593296117305,-3447292.673392999,-5747530.660449506,-2.489318056902613,1.35152587890625,0.751892511461051,0.4,1.0462108850479126,-2.3871169090270996,-4.8959479331970215
1639133593393512248,-3447292.673392999,-5747530.660449506,-2.457583590349879,1.3478057573784725,1.0149923367885345,0.395,-0.13302195072174072,-1.8531551361083984,-4.576181411743164
1639133593492331981,-3447292.8188954378,-5747530.743179816,-2.4279765327784677,1.3002533246527779,0.9606094962459288,0.395,-1.9183169603347778,-0.6111605763435364,-12.008966445922852
1639133593591176509,-3447292.8834032514,-5747530.853176138,-2.4095899303767343,1.28424072265625,0.8848349497621923,0.4,-1.4880038499832153,0.0850294828414917,-8.68482494354248
1639133593699947357,-3447293.110429082,-5747531.009546932,-2.3801662166926523,1.2407318402777778,0.9177160777155646,0.4,2.753204107284546,-2.197859048843384,-11.112903594970703
1639133593791647911,-3447293.110429082,-5747531.009546932,-2.3572451313349863,1.2384673784722222,0.902204384439309,0.4,1.470432162284851,-1.0224380493164062,-6.244814395904541
1639133593907993793,-3447293.282891565,-5747531.188825277,-2.3323389728877206,1.2342621137152778,0.8912569992813794,0.4,-0.2842576801776886,-0.4956182837486267,-9.060073852539062
1639133593995721817,-3447293.3722263775,-5747531.266936444,-2.3244439800593515,1.1752257725694444,1.1093921502101913,0.4,-2.698911428451538,4.998864650726318,-7.847227096557617
1639133594092316865,-3447293.3722263775,-5747531.266936444,-2.299331351122584,1.1629334071180557,1.344552227550012,0.4,-2.1309926509857178,2.298140048980713,-7.569817543029785
1639133594196645975,-3447293.4657591283,-5747531.372064749,-2.266438170275416,1.1590515711805558,1.237210087912382,0.4,-1.4584403038024902,0.5048847198486328,-3.693840265274048
1639133594292736768,-3447293.542849384,-5747531.500930182,-2.2438582619044443,1.130908203125,1.0796309595634783,0.4,1.1255602836608887,-1.100121259689331,-6.95772647857666
1639133594392947196,-3447293.6230643773,-5747531.533141719,-2.2163128097865243,1.1760345746527778,1.0515474320846525,0.4,-0.9831732511520386,-0.8326900005340576,-11.930217742919922
1639133594492748737,-3447293.7264693007,-5747531.764506129,-2.1862651546809335,1.2048248003472224,0.9793037716858137,0.4,-1.5087952613830566,0.4848747253417969,-11.240571975708008
1639133594594076633,-3447293.7264693007,-5747531.764506129,-2.159998102984156,1.188327055121528,0.9309143486454178,0.4,0.5799521803855896,0.7812761068344116,-8.567298889160156
1639133594696080923,-3447293.804144485,-5747531.849342922,-2.127081080279078,1.1870331098090279,0.8775456937238073,0.4,2.0837626457214355,-0.5990932583808899,-9.537338256835938
1639133594802647829,-3447293.8296927186,-5747531.882357939,-2.0908323963496347,1.22601318359375,0.7794756673545258,0.4,-0.8553411960601807,-1.001737356185913,-13.792142868041992
1639133594893270492,-3447293.9522166215,-5747532.098255665,-2.0649573047969003,1.2559356401909723,0.5618774842750058,0.4,-0.26482462882995605,1.3033661842346191,-11.675477981567383
1639133594992572784,-3447294.007034727,-5747532.18652049,-2.0384003361079355,1.25706787109375,0.540228953527308,0.4,-0.31599193811416626,0.07427692413330078,-5.872549057006836
1639133595098966598,-3447294.007034727,-5747532.18652049,-2.0086507042262216,1.260302734375,0.5872034903557244,0.4,1.4546809196472168,-1.5743896961212158,-12.278023719787598
1639133595193989992,-3447294.0598761095,-5747532.304596139,-1.9792029102656503,1.2800353428819446,0.5485540158470512,0.4,1.0962998867034912,-0.028713881969451904,-11.647439956665039
1639133595294117689,-3447294.135890848,-5747532.549868695,-1.9574834545466562,1.3104431727430557,0.38338847658922987,0.4,-0.2764721214771271,-1.1651794910430908,-10.85756778717041
1639133595396084547,-3447294.135890848,-5747532.549868695,-1.931493683657374,1.3076934526909725,0.2699514531911243,0.4,-0.3257484436035156,-1.3725618124008179,-9.697221755981445
1639133595497171163,-3447294.2249837485,-5747532.795242781,-1.907091542086329,1.30882568359375,0.2290648171666969,0.4,0.5226770043373108,1.8910338878631592,-10.496040344238281
1639133595599733352,-3447294.2249837485,-5747532.795242781,-1.8787399967524667,1.3117371180555557,0.34916428759481277,0.4,0.7518711686134338,-0.17450830340385437,-10.111247062683105
1639133595692429542,-3447294.2493012277,-5747532.915468024,-1.8583192070338388,1.33858642578125,0.31940770004663716,0.4,0.2958877384662628,-0.18646030128002167,-10.217437744140625
1639133595810318946,-3447294.3040545853,-5747533.067582871,-1.8353337486598154,1.3528198242187501,0.2629195901305159,0.4,0.17976918816566467,-0.024484053254127502,-8.909139633178711
1639133595896229982,-3447294.335094328,-5747533.1842108425,-1.8187159736964364,1.3400420855034725,0.28894223657307466,0.4,0.06454402208328247,-0.2205563187599182,-10.359423637390137
1639133595997766733,-3447294.361481106,-5747533.324865159,-1.7984024723384042,1.3521728515625,0.33344869036287694,0.4,1.3894801139831543,0.011403125710785389,-8.74328899383545
1639133596096594095,-3447294.3723364985,-5747533.45960368,-1.7797071178767343,1.36187744140625,0.5192794722680513,0.4,-1.0044853687286377,-1.1800249814987183,-8.524344444274902
1639133596192910909,-3447294.3926307345,-5747533.601775596,-1.759336872896876,1.3701263715277778,0.6878857573784413,0.4,1.3622338771820068,-0.45503899455070496,-11.347359657287598
1639133596306765556,-3447294.430097071,-5747533.851986574,-1.738354845843043,1.3817718793402778,0.7772640242528807,0.4,2.439890146255493,-3.384208917617798,-12.307256698608398
1639133596391692876,-3447294.4405567404,-5747534.014420642,-1.7192129333827157,1.3780517578125,0.9764334676486278,0.4,-0.9121003150939941,-1.1387583017349243,-8.314945220947266
1639133596494571924,-3447294.4405567404,-5747534.014420642,-1.6972297867152353,1.3795074175347222,1.1244217482280476,0.4,1.2516963481903076,0.16161298751831055,-11.378381729125977
1639133596602466106,-3447294.449420486,-5747534.153255471,-1.6715385158869882,1.37740478515625,1.181598937260054,0.4,0.1663789600133896,-1.2022637128829956,-8.096597671508789
1639133596695620775,-3447294.4413233763,-5747534.465402488,-1.6504041393611093,1.3820953081597223,1.0711111330927794,0.4,-0.7659542560577393,1.5126419067382812,-7.45587158203125
1639133596795341491,-3447294.4385976563,-5747534.594773778,-1.6284560402247568,1.3717437456597221,0.978727360630389,0.4,-0.022158578038215637,-1.9010777473449707,-13.226585388183594
1639133596893239736,-3447294.4385976563,-5747534.594773778,-1.5987426479670663,1.3814483355034721,1.0689775211524437,0.4,-2.397780418395996,-2.9290127754211426,-7.403371810913086
1639133597011552095,-3447294.421012506,-5747534.88969023,-1.5665444572779794,1.3854920008680554,1.146451505949817,0.4,-0.47564518451690674,-0.18985168635845184,-11.199407577514648
1639133597117609262,-3447294.407139179,-5747535.050066595,-1.537936611971583,1.3751404383680554,1.0719458190878735,0.4,0.8246569633483887,-1.9617531299591064,-6.351005554199219
1639133597192921400,-3447294.407139179,-5747535.050066595,-1.5173060139033456,1.3668915082465278,0.9988490169113101,0.4,0.4150794744491577,-0.2520604729652405,-11.466079711914062
1639133597292996644,-3447294.3791568275,-5747535.180303558,-1.493162556490626,1.374169921875,0.8028749182633597,0.4,0.08517219126224518,-1.7308781147003174,-8.216509819030762
1639133597393786191,-3447294.362845102,-5747535.324021223,-1.4643131931635995,1.3723907183159723,0.5294506719401569,0.4,2.597992181777954,0.6308794021606445,-7.9468560218811035
1639133597493328332,-3447294.294380082,-5747535.612864133,-1.4386364658686777,1.3841980555555555,0.23268272408176635,0.4,-1.1769907474517822,-0.47882938385009766,-9.185952186584473
1639133597596825122,-3447294.294380082,-5747535.612864133,-1.412664337954249,1.3788604448784723,-0.10537992455445244,0.4,0.6499634981155396,2.2831404209136963,-10.339736938476562
1639133597692536830,-3447294.2247653385,-5747535.924406816,-1.3883027275416513,1.3939025303819446,-0.4241567757862529,0.4,1.4190455675125122,-0.8993151783943176,-11.093215942382812
1639133597813506603,-3447294.181232075,-5747536.064657738,-1.3653778274867197,1.388888578559028,-0.6927050991445385,0.4,0.9088322520256042,0.3515973389148712,-9.43353271484375
1639133597897141218,-3447294.138977033,-5747536.211897708,-1.3549937446925302,1.4029601475694446,-0.940065105483617,0.4,-0.645445704460144,0.04627573490142822,-9.47171401977539
1639133597993529558,-3447294.138977033,-5747536.211897708,-1.3523103435847421,1.4146056553819446,-1.078178624244036,0.4,1.0713163614273071,1.4037495851516724,-7.789359092712402
1639133598094610691,-3447294.081582106,-5747536.3405654915,-1.3607677658412118,1.41234130859375,-1.1111354995697642,0.4,0.3219146728515625,1.1992590427398682,-6.130867958068848
1639133598198415517,-3447294.05098547,-5747536.504700235,-1.3855244358393808,1.42269287109375,-0.9697209813714971,0.4,-1.1591238975524902,-0.7222459316253662,-10.40118408203125
1639133598294235467,-3447293.9605223564,-5747536.793651127,-1.4131890972468515,1.4260894487847222,-0.6459238688358253,0.4,0.4263497591018677,0.21344152092933655,-7.191585540771484
1639133598395931959,-3447293.9287912473,-5747536.932634712,-1.4437481602046152,1.4121795941840278,-0.19624898716751776,0.4,-1.8385545015335083,0.8227114677429199,-12.112771034240723
1639133598495204448,-3447293.9287912473,-5747536.932634712,-1.4717764099452157,1.41492919921875,0.35848516532411373,0.4,1.2593190670013428,1.2564046382904053,-10.384480476379395
1639133598595718383,-3447293.902129371,-5747537.080955726,-1.504031582674708,1.4235015581597221,1.4742004169431029,0.4,1.0115026235580444,-0.6935167908668518,-10.363003730773926
1639133598694178104,-3447293.8748207423,-5747537.226928036,-1.5302950580927988,1.4196197222222222,2.8140886186225416,0.4,1.9825594425201416,-2.3008642196655273,-13.887595176696777
1639133598794317245,-3447293.8569218833,-5747537.37019141,-1.5409707268092294,1.390182523871528,4.090021984613415,0.4,-0.9357636570930481,-0.14160430431365967,-9.99551010131836
1639133598897684335,-3447293.83798224,-5747537.524869545,-1.5249118049952646,1.35087890625,5.078978711726212,0.4,-0.08810174465179443,-1.1577566862106323,-9.095869064331055
1639133598998959779,-3447293.823093201,-5747537.667215605,-1.4699312885615488,1.3474823285590278,5.2246621782915765,0.4,-0.47928178310394287,-1.2257837057113647,-10.187012672424316
1639133599102081060,-3447293.8021767708,-5747537.814121157,-1.398408099016871,1.337939453125,4.523861844865948,0.4,0.11806914210319519,-0.5769383311271667,-9.555234909057617
1639133599192993879,-3447293.7062113984,-5747538.083337885,-1.3435825546595712,1.3292052647569446,2.6559356231947033,0.4,-0.4223196804523468,-1.7467727661132812,-9.537337303161621
1639133599293138742,-3447293.7062113984,-5747538.083337885,-1.2807685573908945,1.3196625043402779,0.2646618593519443,0.4,1.037219524383545,-4.383482933044434,-9.041579246520996
1639133599397123098,-3447293.657888952,-5747538.243341566,-1.2125510414454599,1.3169128993055557,-1.577789813223132,0.4,0.5278998017311096,-0.0859254002571106,-10.001476287841797
1639133599497591733,-3447293.5737381647,-5747538.370165331,-1.1353601654383798,1.3317931553819446,-2.848804783961461,0.4,-0.7242361307144165,-2.2174572944641113,-8.959251403808594
1639133599597506999,-3447293.506297181,-5747538.519955953,-1.0817419727656503,1.3626861284722223,-3.8745032541879105,0.4,0.967129647731781,0.789508581161499,-10.766887664794922
1639133599692919015,-3447293.4172739885,-5747538.629092203,-1.0804444988581796,1.36187744140625,-4.43846703920247,0.4,-0.4123440384864807,1.2783616781234741,-9.432934761047363
1639133599822204351,-3447293.2433266495,-5747538.885275515,-1.1419069012019296,1.3599365234375,-4.499257453254003,0.4,-0.3843063712120056,-0.19321829080581665,-9.373873710632324
1639133599896814107,-3447293.178795623,-5747539.021464675,-1.19349209865066,1.346835355902778,-4.039683619204367,0.4,0.09227447956800461,0.8495403528213501,-8.635905265808105
1639133599993637561,-3447293.1196401045,-5747539.1742693875,-1.2678283890101572,1.3474823285590278,-3.3440535374551557,0.4,0.42888814210891724,2.405555486679077,-11.724994659423828
1639133600093812465,-3447293.1196401045,-5747539.1742693875,-1.3411540230128427,1.3444091796875,-2.5676682215783613,0.4,0.6092984676361084,-0.5208863019943237,-8.457528114318848
1639133600210989713,-3447293.0768425497,-5747539.312722859,-1.4236308773371835,1.341659574652778,-1.7515519884208501,0.4,-0.9568332433700562,2.569704532623291,-9.330921173095703
1639133600291208744,-3447293.0358072594,-5747539.4352182895,-1.4750651558253427,1.3334106445312501,-0.9198210400184331,0.4,-0.8817058801651001,2.685429811477661,-10.207893371582031
1639133600397991895,-3447293.024644534,-5747539.602732555,-1.5574669082972665,1.3138397504340278,-0.05801843721313854,0.4,0.3396171033382416,1.539757490158081,-8.309576034545898
1639133600493316650,-3447292.9999121935,-5747539.708895805,-1.6325968941065927,1.31529541015625,0.8356578236613703,0.4,-0.16390885412693024,-0.9642907381057739,-12.468929290771484
1639133600604136228,-3447293.0076162824,-5747539.847166611,-1.6899429996821542,1.2941070269097226,1.6561222552602113,0.4,0.5536319017410278,-2.082193374633789,-11.697551727294922
1639133600692134857,-3447293.015951501,-5747539.982736299,-1.7192422588679452,1.2850494097222225,2.249417934565539,0.4,1.118790626525879,2.894993305206299,-10.32303237915039
1639133600793145895,-3447293.039566503,-5747540.116124047,-1.7166895111415048,1.2633758832465278,2.5129427690842814,0.4,-0.4251468777656555,-1.225363850593567,-12.241632461547852
1639133600892238616,-3447293.0507560535,-5747540.256156889,-1.6909410198542734,1.2452606488715279,2.3742222806735502,0.4,-0.851227879524231,-1.5991458892822266,-8.321508407592773
1639133600995449781,-3447293.063159104,-5747540.369527515,-1.6457142074916025,1.2366882899305558,1.5208592910375434,0.4,0.2942955493927002,-3.1657397747039795,-9.128083229064941
1639133601095240354,-3447293.0718592103,-5747540.534851598,-1.5962812145564218,1.2444519618055556,0.20687032600514654,0.4,0.031639546155929565,-0.7019363641738892,-7.248261451721191
1639133601193276405,-3447293.0499220644,-5747540.649514043,-1.5441548069331308,1.2399230381944444,-1.8281388602440365,0.4,-0.20228663086891174,-2.3605380058288574,-6.053908824920654
1639133601292176961,-3447293.0213692095,-5747540.763676172,-1.4949878891322275,1.2717865277777778,-3.7705956360604396,0.4,0.31936219334602356,1.2968451976776123,-9.062459945678711
1639133601392085075,-3447293.018160978,-5747540.936283909,-1.4586538513514657,1.2900634765625,-4.916135116967702,0.4,-2.198371171951294,-0.7444948554039001,-9.923921585083008
1639133601491606712,-3447292.97462699,-5747541.048406549,-1.4532584389063974,1.3109283159722225,-5.102920009598484,0.4,0.1260547935962677,1.3219070434570312,-8.657382011413574
1639133601593108177,-3447292.9405346722,-5747541.171620528,-1.5186921795222421,1.3041351605902778,-4.2754524426835605,0.4,1.0054640769958496,1.7814929485321045,-10.58731746673584
1639133601695297956,-3447292.9032116393,-5747541.41221934,-1.5922738750788827,1.3009002973090278,-2.34599014063623,0.4,0.8439827561378479,2.810911178588867,-6.092090129852295
1639133601806050300,-3447292.9071007436,-5747541.540018052,-1.672796173891749,1.2827850629340278,-0.21441117738782167,0.4,1.5562806129455566,1.006016731262207,-6.781735897064209
1639133601892927646,-3447292.914404855,-5747541.6484716395,-1.735193177065577,1.285372953559028,1.2497944053694265,0.4,0.6817284226417542,-0.2885192036628723,-8.835760116577148
1639133602007061004,-3447292.914404855,-5747541.6484716395,-1.8059851368281503,1.264022855902778,2.4639038720693325,0.4,1.1861779689788818,0.8324646353721619,-10.036673545837402
1639133602111306905,-3447292.960313001,-5747541.789546463,-1.8422714908930917,1.2399230381944444,3.4208521737767934,0.4,-1.58439302444458,-1.5543869733810425,-10.554505348205566
1639133602198664188,-3447292.989036721,-5747541.904619391,-1.8318766792628427,1.2127501866319446,3.9593661268589186,0.4,0.24652406573295593,0.9154602289199829,-11.880701065063477
1639133602294208765,-3447293.0230931253,-5747542.02450729,-1.7896775444361825,1.191561918402778,3.9812157728976825,0.4,0.8179510831832886,0.8753944635391235,-12.106804847717285
1639133602393579483,-3447293.048795734,-5747542.145759032,-1.7272681434962411,1.1972228428819445,3.5460258294151825,0.4,0.2580671012401581,-0.13099370896816254,-9.184759140014648
1639133602503487348,-3447293.0481500044,-5747542.397308636,-1.6593298157069345,1.1939880946180557,2.8362010343372837,0.4,-0.5103009939193726,-1.4687857627868652,-4.642998218536377
1639133602593000650,-3447293.0481500044,-5747542.397308636,-1.5990206440302988,1.2023986241319444,2.0347009487497862,0.4,1.038401484489441,0.9527390599250793,-9.736595153808594
1639133602693411350,-3447293.0490802834,-5747542.54510137,-1.538601084551539,1.2075744053819444,1.2070802279129396,0.4,0.4998866021633148,-0.41054508090019226,-9.353590965270996
1639133602808640241,-3447293.0263849874,-5747542.6850584475,-1.4720246036860605,1.2127501866319446,0.4150058182183112,0.4,-0.3709084391593933,-0.14720234274864197,-8.968796730041504
1639133602897408723,-3447292.9917350076,-5747542.808186852,-1.4169453819605966,1.2355560590277779,-0.39501902500422553,0.4,-0.15566226840019226,-0.0619848370552063,-9.968067169189453
1639133602995230436,-3447292.96375731,-5747542.94231578,-1.3655344684931894,1.2457459071180557,-1.1498831485274883,0.4,-0.37315765023231506,-0.5194723606109619,-9.517053604125977
1639133603095196008,-3447292.874188279,-5747543.18710038,-1.3347191055628915,1.2541564366319444,-1.7780771287051063,0.4,0.4334961771965027,1.2802050113677979,-9.665005683898926
1639133603194276571,-3447292.8252446763,-5747543.321161918,-1.32969872554275,1.2856963823784724,-2.129146826050051,0.4,-0.20506498217582703,1.29034423828125,-9.476486206054688
1639133603292433977,-3447292.7694420787,-5747543.462499366,-1.3346280296656747,1.2822998046875,-2.227253102072851,0.4,0.22174003720283508,1.8663039207458496,-9.59699535369873
1639133603407360792,-3447292.7694420787,-5747543.462499366,-1.3778702457759042,1.3146484375,-2.0939053514542882,0.4,-0.5290500521659851,1.3552138805389404,-10.512147903442383
1639133603651309728,-3447292.6806030707,-5747543.83287889,-1.5061082084986825,1.3034881879340279,-1.5071410236720855,0.4,0.4761468172073364,-0.41662919521331787,-8.877519607543945
1639133603797528743,-3447292.6512422543,-5747544.096197173,-1.5926791866633554,1.2979888628472225,-0.2527194441773257,0.4,-0.5888051986694336,1.9377070665359497,-13.306526184082031
1639133603903430938,-3447292.651949582,-5747544.2237206865,-1.6460813721034189,1.301547269965278,0.677801106654806,0.4,1.4437302350997925,0.7409619688987732,-7.577573299407959
1639133603981068611,-3447292.651949582,-5747544.2237206865,-1.6841093738886972,1.2945922851562501,1.3893840385782088,0.4,0.9811544418334961,0.46364855766296387,-9.909006118774414
1639133604058776855,-3447292.660682163,-5747544.356223836,-1.7096745212885995,1.3012237261284725,1.9171431872795837,0.4,1.6025724411010742,0.0324438214302063,-9.167457580566406
1639133604144250154,-3447292.6811702657,-5747544.486665119,-1.7256256779048105,1.278903226996528,2.264005761781983,0.4,0.3893905282020569,-1.5459563732147217,-4.9353227615356445
1639133604250822067,-3447292.690176576,-5747544.61188011,-1.714067622027125,1.2670958897569444,2.480646400478574,0.4,1.2194007635116577,-4.14560604095459,-12.94261360168457
1639133604344500303,-3447292.7044415283,-5747544.729927731,-1.6852208813044687,1.2486572265625,2.4089321214964636,0.4,-1.0041933059692383,-2.3936917781829834,-7.877056121826172
1639133604439872026,-3447292.7143737893,-5747544.8873339845,-1.6466526230189462,1.2552886675347223,2.079862360397638,0.4,1.279834508895874,-1.7498834133148193,-11.893229484558105
1639133604544371604,-3447292.6975108385,-5747544.990278784,-1.593284054598536,1.2392761805555557,1.5790017588293597,0.4,-0.5165904760360718,-0.3805301785469055,-12.677135467529297
1639133604644218444,-3447292.688457004,-5747545.121155859,-1.5458063324305673,1.2459076215277778,1.0510485425642968,0.4,-0.10994315147399902,-0.9629378914833069,-7.371156692504883
1639133604745040655,-3447292.668746916,-5747545.292253118,-1.4861661632868906,1.2468780230034724,0.34359949230205805,0.4,-0.21635928750038147,0.03784109652042389,-9.212201118469238
1639133604850115537,-3447292.641680106,-5747545.424588487,-1.4254435737940927,1.2536712934027778,-0.3656043529006875,0.4,-1.5005829334259033,1.6808702945709229,-10.374338150024414
1639133604944879055,-3447292.613079455,-5747545.552139736,-1.3866640766474863,1.2683898350694445,-1.0445073794429587,0.4,-0.24381212890148163,-2.439845085144043,-7.610384941101074
1639133605036692380,-3447292.5648199157,-5747545.663662339,-1.3613228042933603,1.301708984375,-1.5748398516166102,0.4,1.1176648139953613,5.003733158111572,-11.159436225891113
1639133605142717599,-3447292.5100946333,-5747545.813088472,-1.3511406620356698,1.32305908203125,-1.8272542372318294,0.4,1.1232695579528809,-1.3883708715438843,-11.435056686401367
1639133605242584228,-3447292.473444949,-5747545.938476602,-1.3660990436885019,1.330661039496528,-1.9265713555821922,0.4,1.5150749683380127,-1.5035924911499023,-10.094542503356934
1639133605342230796,-3447292.423913112,-5747546.10124389,-1.3977536400172372,1.3392333984375,-1.1865249229142252,0.4,-0.3216009736061096,1.926504373550415,-8.292276382446289
1639133605443369626,-3447292.38727027,-5747546.225992086,-1.4439903934809823,1.3474823285590278,-0.2128147283616464,0.4,0.48572683334350586,3.012019157409668,-8.776698112487793
1639133605545398950,-3447292.35527698,-5747546.353794109,-1.4927674969050546,1.3363220789930557,1.345410170000071,0.4,0.794318437576294,-0.7598551511764526,-10.928560256958008
1639133605640733242,-3447292.3551033814,-5747546.498189562,-1.5370902260157724,1.3408507725694445,3.0820321034414646,0.4,0.8209962844848633,0.7179722189903259,-9.333904266357422
1639133605745167016,-3447292.3351147994,-5747546.650708537,-1.5637153824183603,1.3020324131944445,4.4421527985928195,0.4,1.5893999338150024,0.14886623620986938,-10.525272369384766
1639133605853398799,-3447292.3357404424,-5747546.7809071345,-1.5397869785639902,1.2832703211805556,5.901976527201074,0.4,-0.15389035642147064,0.48226165771484375,-13.101303100585938
1639133605941424846,-3447292.327358832,-5747546.946158049,-1.491601630053248,1.2693603515625,6.512605168011788,0.4,-1.1206567287445068,-1.6877570152282715,-5.36426305770874
1639133606040253400,-3447292.301686237,-5747547.063049663,-1.428667231402125,1.2711395551215279,7.186033053825752,0.4,-0.3074580430984497,-3.38309383392334,-11.905160903930664
1639133606147412061,-3447292.2526888414,-5747547.2097437475,-1.3453752239558359,1.2525390625000001,7.22294858376725,0.4,-0.05963658168911934,0.8790251612663269,-9.366715431213379
1639133606241609811,-3447292.2010668847,-5747547.327490694,-1.2819122513148447,1.2564208984375,7.093892387733016,0.4,0.1971188187599182,-0.3651992678642273,-8.598917007446289
1639133606342382669,-3447292.142740434,-5747547.461073038,-1.2220389088008066,1.2554503819444445,7.908818182840528,0.4,0.2667231261730194,-1.3186455965042114,-9.865455627441406
1639133606440840244,-3447292.080670841,-5747547.582728689,-1.1589304645869394,1.2347472569444444,7.689931044906623,0.4,-0.4810681939125061,-1.3099654912948608,-11.325882911682129
1639133606541750192,-3447292.0128574064,-5747547.707009308,-1.0948740681025644,1.2323211957465279,7.564417552544546,0.4,0.3031339943408966,-0.36219316720962524,-8.660962104797363
1639133606645331621,-3447292.0128574064,-5747547.707009308,-1.0170003612849374,1.2161468793402779,7.455515828092932,0.4,-0.2516043186187744,0.3045257329940796,-10.531835556030273
1639133606747278928,-3447291.850838745,-5747547.9728278555,-0.9494220455500741,1.2218078038194444,7.2971190049072145,0.4,-0.08818870782852173,-0.8003954887390137,-5.903570175170898
1639133606841493606,-3447291.749621752,-5747548.071702916,-0.8851935108515878,1.1977081011284723,7.125630048700314,0.4,0.11796726286411285,1.4746453762054443,-11.946325302124023
1639133606945544719,-3447291.6483112536,-5747548.156655343,-0.8253485401484628,1.1944732378472223,7.06617791208551,0.4,0.7612725496292114,0.3073607087135315,-9.756877899169922
1639133607054122209,-3447291.5329293986,-5747548.28576904,-0.7597333629939218,1.1731231401909723,7.066623897339262,0.4,-0.2038975954055786,1.6101245880126953,-9.88037109375
1639133607146038532,-3447291.4367684955,-5747548.370403873,-0.711175604662623,1.1642273524305558,7.537134517455488,0.4,1.5163277387619019,-4.260048866271973,-9.556427955627441
1639133607242135763,-3447291.3228968363,-5747548.479426386,-0.6451963623377939,1.1498321245659724,7.240373919367968,0.4,-0.1802317202091217,-1.9479937553405762,-9.22890567779541
1639133607341421604,-3447291.1940531405,-5747548.565705266,-0.58287517627212,1.1347900390625,7.566266014726561,0.4,1.0607094764709473,-0.589699923992157,-11.558549880981445
1639133607438696384,-3447291.074824319,-5747548.609652506,-0.5266770561549325,1.1255707074652777,7.6252680175399785,0.4,-0.7872933149337769,-0.4218028783798218,-9.928096771240234
1639133607546205282,-3447290.9500664338,-5747548.695130084,-0.4580785473200937,1.1011474609375,7.606652906154498,0.4,-0.7684381604194641,-1.2322074174880981,-10.979866981506348
1639133607643241405,-3447290.8254332854,-5747548.754802195,-0.3961706598612924,1.0988829991319444,7.128859693373906,0.4,0.9630954265594482,-1.5750243663787842,-9.174020767211914
1639133607753166198,-3447290.699398554,-5747548.800707941,-0.32474605639907317,1.0930603602430558,6.837927544691058,0.4,-0.4546760022640228,-0.28651678562164307,-9.845172882080078
1639133607850289344,-3447290.563003264,-5747548.8414102765,-0.2683735330912729,1.0922515581597223,6.380273615879125,0.4,0.0809302031993866,-0.24605202674865723,-8.642467498779297
1639133607942355155,-3447290.42856335,-5747548.863624354,-0.20504335959884123,1.07332763671875,5.756453362060406,0.4,0.12968336045742035,1.0850176811218262,-9.586256980895996
1639133608042587280,-3447290.308278949,-5747548.890062927,-0.14157275756331877,1.0736511805555558,4.970561194113046,0.4,0.31414297223091125,-2.3565175533294678,-11.078302383422852
1639133608143368959,-3447290.194641337,-5747548.920471547,-0.0742698152873178,1.0621673871527777,4.166492930265506,0.4,0.1947624683380127,-0.9435031414031982,-11.654598236083984
1639133608244006872,-3447290.0612278213,-5747548.919056563,-0.011483116945948169,1.0615204144965278,3.2180418049871857,0.4,1.0982176065444946,0.7587637901306152,-9.730031967163086
1639133608345164299,-3447289.9335506125,-5747548.908222681,0.04916782776382966,1.0644317339409723,2.297946111999141,0.4,0.04002584517002106,-2.285975933074951,-10.573596954345703
1639133608442353487,-3447289.816763066,-5747548.931791971,0.10646315018204255,1.0511688519965277,1.4313114261653646,0.4,-0.8289721012115479,0.33918052911758423,-10.194767951965332
1639133608540190219,-3447289.702239317,-5747548.9032204505,0.16601415077713533,1.0615204144965278,0.5822345192376087,0.4,-0.8886463046073914,-2.2039196491241455,-10.752569198608398
1639133608642354965,-3447289.5791642074,-5747548.887677739,0.2288310090687613,1.0776947309027778,-0.3091335601964551,0.4,-0.7650442719459534,-1.143066644668579,-7.740439414978027
1639133608741244316,-3447289.4686256675,-5747548.85053664,0.27985866467026277,1.10308837890625,-1.1623971726660698,0.4,1.2709403038024902,0.29725730419158936,-10.120195388793945
1639133608846371650,-3447289.3590346104,-5747548.832419249,0.3120953599598746,1.1215271571180556,-1.8322052105337363,0.4,1.0197844505310059,-0.23768609762191772,-8.565509796142578
1639133608941575050,-3447289.2478018748,-5747548.808706977,0.3189491788533072,1.1229828168402778,-2.221371931649958,0.4,0.5662207007408142,0.6278717517852783,-10.80626106262207
1639133609041218042,-3447289.1369732465,-5747548.76037271,0.30199296871689363,1.1415831944444446,-2.3242519236223536,0.4,0.020533114671707153,1.9737939834594727,-8.26006031036377
1639133609145546436,-3447289.0039276504,-5747548.743214947,0.26616282860306306,1.1425537109375001,-2.111712379175394,0.4,0.22423970699310303,-0.06380811333656311,-9.834433555603027
1639133609244210004,-3447288.879977557,-5747548.701427315,0.21682830254105134,1.1618011762152778,-1.6313846955760805,0.4,-0.49865633249282837,3.6731271743774414,-9.556427955627441
1639133609342314481,-3447288.879977557,-5747548.701427315,0.16706986824539705,1.1582427690972223,-1.0239754030209385,0.4,0.5082886219024658,1.0274593830108643,-12.101436614990234
1639133609442980527,-3447288.633596538,-5747548.703289179,0.11627180973557039,1.1784607508680558,-0.3648986620810542,0.4,-0.5115009546279907,-0.2573009729385376,-12.188536643981934
1639133609545819997,-3447288.515950322,-5747548.694518003,0.06822462479141755,1.1802398394097222,0.46648085303382925,0.4,0.7634021043777466,-0.5380520820617676,-9.416828155517578
1639133609646676778,-3447288.388483012,-5747548.690066941,0.025611714520726636,1.1889740277777778,1.3483901100784021,0.4,0.19828088581562042,1.1421208381652832,-7.7726545333862305
1639133609751266479,-3447288.255368401,-5747548.728345881,-0.0011344393107552975,1.19366455078125,2.2127804363608763,0.4,0.01837240345776081,-0.12233373522758484,-10.54675006866455
1639133609850733995,-3447288.11448518,-5747548.744177302,-0.006619139513697192,1.1791076085069445,2.8799613603266887,0.4,0.24982038140296936,-0.15937268733978271,-13.864925384521484
1639133609940203428,-3447287.983173451,-5747548.753448267,0.008103803792272046,1.1763580034722223,3.5588701374094422,0.4,1.1348515748977661,0.4197969138622284,-9.186549186706543
1639133610044749021,-3447287.852392147,-5747548.768343215,0.0430775443699698,1.1724761675347224,3.5644540019118667,0.4,0.331821084022522,0.07531487941741943,-8.021429061889648
1639133610144004344,-3447287.852392147,-5747548.768343215,0.0923106233265738,1.1619628906250001,3.4445883103082635,0.4,0.6915183067321777,-0.1491696685552597,-11.059808731079102
1639133610240908622,-3447287.5816770415,-5747548.787534618,0.15453536907700105,1.1697265625,3.173371189226429,0.4,1.4969968795776367,-2.403311252593994,-10.608794212341309
1639133610346388578,-3447287.4573815586,-5747548.744994281,0.21776373783615632,1.1792694379340278,2.737133127742473,0.4,0.6051480770111084,0.19707441329956055,-9.129276275634766
1639133610442165613,-3447287.335552108,-5747548.695182252,0.2795012752201895,1.1736083984375,2.4632452800878846,0.4,0.1998528242111206,-2.011317491531372,-9.899459838867188
1639133610537994861,-3447287.21927508,-5747548.684316636,0.3342028419163565,1.1658447265625,2.0423860336771855,0.4,0.6003288626670837,-0.954691469669342,-6.710145950317383
1639133610641433715,-3447287.0916348966,-5747548.676071201,0.40183241764572664,1.1718291948784723,1.3778344880882114,0.4,-1.0541412830352783,0.02167952060699463,-12.155128479003906
1639133610743583917,-3447286.9607472382,-5747548.624341743,0.45640166203049226,1.1647124956597223,0.8727687728879028,0.4,-0.4688120484352112,-1.0286394357681274,-11.052648544311523
1639133610846306324,-3447286.849091704,-5747548.576007772,0.5120738307621817,1.1862244227430556,0.20033623341816414,0.4,-0.7803245782852173,-1.2685201168060303,-11.99226188659668
1639133610943091154,-3447286.738380999,-5747548.501058781,0.5658397237446646,1.1891357421875,-0.04730891305909368,0.4,-0.5399332642555237,1.2010178565979004,-11.806726455688477
1639133611042413473,-3447286.628550307,-5747548.447829899,0.60815025965241,1.2205138585069444,-0.5608683924294333,0.4,-0.10199472308158875,-0.5393881797790527,-8.737920761108398
1639133611140133142,-3447286.534443731,-5747548.370618475,0.6338848630574088,1.2331298828125001,-0.8287606039235692,0.4,-0.43713992834091187,-0.013014651834964752,-12.30009651184082
1639133611246579885,-3447286.4372731065,-5747548.289817734,0.6430402557041983,1.2331298828125001,-0.6197743810078519,0.4,0.6722640991210938,-0.11260664463043213,-11.270998001098633
1639133611342745780,-3447286.328488883,-5747548.23243885,0.6447172919895987,1.2261748980034723,-0.6093783144067224,0.4,-0.1391005665063858,0.7666106224060059,-10.042640686035156
1639133611443389654,-3447286.22196506,-5747548.153076915,0.6366985003140311,1.2148529340277778,-0.3972542368674384,0.4,-0.5536946058273315,-1.2403587102890015,-9.176406860351562
1639133611541095256,-3447286.121537373,-5747548.0722394865,0.6274707476284842,1.1749023437500001,-0.03427116905225297,0.4,-0.16365528106689453,0.3348611295223236,-9.565376281738281
1639133611644368886,-3447286.0135449963,-5747548.026366846,0.6173942248013358,1.1351134678819446,0.37328845228513263,0.4,-0.786119818687439,1.4157153367996216,-10.679786682128906
1639133611752380132,-3447285.913075542,-5747547.967786158,0.612919763722692,1.0490662196180558,0.811609035566127,0.4,-0.004011094570159912,-0.7374801635742188,-9.09407901763916
1639133611841604948,-3447285.8096208475,-5747547.872348186,0.6107525984433035,1.0395233441840277,1.2174054377785068,0.4,0.4008268117904663,-0.49668657779693604,-9.691850662231445
1639133611953837871,-3447285.709853452,-5747547.7929772455,0.6136034289982657,0.9594604492187501,1.6163228469748632,0.4,-0.4333333969116211,0.05704353749752045,-9.429952621459961
1639133612056980371,-3447285.6159050325,-5747547.747919638,0.6233810345318656,0.9028503417968751,2.234724828272314,0.4,-0.9226434230804443,-0.17211809754371643,-10.089174270629883
1639133612140845537,-3447285.5281855636,-5747547.718804185,0.6346621672299246,0.874383544921875,2.402920873465574,0.4,-0.3209684491157532,-0.357820600271225,-9.55046272277832
1639133612246582269,-3447285.444338359,-5747547.655179373,0.6599514047291617,0.7897918988715277,2.578651910890137,0.4,-0.4799272418022156,-0.06551629304885864,-10.264567375183105
1639133612343225955,-3447285.3698047306,-5747547.618816103,0.6873412887242178,0.7344756792534723,2.4182632143531233,0.4,-0.663399338722229,-0.29420265555381775,-10.320049285888672
1639133612440565109,-3447285.288348505,-5747547.550171375,0.7161021987583975,0.7183013628472223,2.3801958169393593,0.4,-0.32326048612594604,-1.268406867980957,-9.616682052612305
1639133612539342164,-3447285.231677329,-5747547.492519615,0.7530154148724417,0.6663818359375,2.320451495427175,0.4,-0.7011820077896118,0.6139603853225708,-10.113633155822754
1639133612641032695,-3447285.1887811334,-5747547.422601288,0.7849519411709647,0.6021698285590279,1.8742815312388625,0.4,-0.1947212666273117,-0.6080542802810669,-9.631597518920898
1639133612746088504,-3447285.1338591124,-5747547.398494435,0.8195112506535391,0.5487945269097222,1.5740952611635834,0.4,-0.5377156734466553,0.2448738068342209,-8.662751197814941
1639133612849246263,-3447285.1009196015,-5747547.338137379,0.8482129732754569,0.47730407714843753,1.3650164265719102,0.4,-0.2567141652107239,0.5044094324111938,-10.154796600341797
1639133612939767360,-3447285.0620913696,-5747547.294066143,0.8722230354931693,0.44899902343750003,0.8938371055435732,0.4,-0.007490873336791992,-0.215362548828125,-9.408475875854492
1639133613045755863,-3447285.0218285937,-5747547.233737472,0.8985353271153311,0.385272216796875,0.600212096868723,0.37779907226562504,-0.2182808667421341,-0.25886231660842896,-10.407747268676758
1639133613148405075,-3447284.9883961966,-5747547.204359549,0.9187657395985465,0.3247802734375,0.09677647036357317,0.346278564453125,-0.312359094619751,-0.13635368645191193,-9.3225679397583
1639133613242919445,-3447284.9622970377,-5747547.177344455,0.9325897256520133,0.2854766845703125,-0.4948853009138378,0.32399682617187503,-0.4939712882041931,0.28943806886672974,-9.942415237426758
1639133613352684497,-3447284.939938867,-5747547.156587691,0.945939497151647,0.24261474609375,-0.8156247484076088,0.29763916015625,-1.2537825107574463,0.13260552287101746,-10.054572105407715
1639133613445903778,-3447284.9239113764,-5747547.144315621,0.9523902694371085,0.2065460205078125,-1.2203946237868453,0.27662548828125,-0.07898936420679092,-0.6577998399734497,-9.364328384399414
1639133613545123815,-3447284.913644237,-5747547.1100872,0.9563079039242606,0.1619049072265625,-1.642930367357549,0.252260498046875,0.3609668016433716,0.2571016550064087,-9.906023025512695
1639133613641397714,-3447284.8948101704,-5747547.118555302,0.9566739360478262,0.11968994140625,-1.8320431934819714,0.227442626953125,-0.06869247555732727,-0.13029158115386963,-9.690657615661621
1639133613742786884,-3447284.8872506754,-5747547.105821742,0.9554674188282828,0.0930023193359375,-2.01194268331138,0.20923681640625,-0.571955680847168,-0.16861292719841003,-9.663811683654785
1639133613846318960,-3447284.8792360784,-5747547.097192135,0.9538328806546073,0.0645355224609375,-2.166670674111303,0.19365771484375,-0.3699408173561096,0.14092615246772766,-9.756282806396484
1639133613941006660,-3447284.873252762,-5747547.091454051,0.9503458301213126,0.0321868896484375,-2.282155393261217,0.177263427734375,-0.0782502293586731,0.027783576399087906,-9.799832344055176
1639133614042163133,-3447284.86949594,-5747547.070643562,0.9490379254010062,0.0053375244140625,-2.3410888440881266,0.160597412109375,-0.08900587260723114,0.06908967345952988,-9.784320831298828
1639133614144741773,-3447284.8682569605,-5747547.07437596,0.9473089138653616,-0.0053375244140625,-2.344753878207825,0.14864135742187498,-0.12200455367565155,0.034378621727228165,-9.846364974975586
1639133614242573022,-3447284.864591267,-5747547.072932229,0.9478747407582144,-0.0054992675781250005,-2.32960574324004,0.14655810546875,0.008678849786520004,0.12776117026805878,-9.786110877990723
1639133614342735052,-3447284.8654083502,-5747547.07587814,0.9476735154774527,-0.006146240234375,-2.3150351587761198,0.14692041015625,0.18119966983795166,0.07208174467086792,-9.777759552001953
quit,,,,,,,,,
